{
    "videoid": 600,
    "cameraid": 0,
    "camera_param": {
        "R": [
            [
                -0.9033486204435297,
                0.4269119782787646,
                0.04132109321984796
            ],
            [
                0.04153061098352977,
                0.182951140059007,
                -0.9822444139329296
            ],
            [
                -0.4268916470184284,
                -0.8855930460167476,
                -0.18299857527497945
            ]
        ],
        "T": [
            [
                2044.45852504166
            ],
            [
                4935.11727984793
            ],
            [
                1481.22752752863
            ]
        ],
        "fx": [
            1145.04940458804
        ],
        "fy": [
            1143.78109572365
        ],
        "cx": [
            512.541504956548
        ],
        "cy": [
            515.4514869776
        ],
        "k": [
            [
                -0.207098910824901
            ],
            [
                0.247775183068982
            ],
            [
                -0.00307515035078854
            ]
        ],
        "p": [
            [
                -0.00142447157470321
            ],
            [
                -0.000975698859470499
            ]
        ],
        "name": "54138969"
    },
    "imageid": 0,
    "image_path": "s_09_act_02_subact_01_ca_01/s_09_act_02_subact_01_ca_01_000001.jpg",
    "joint_3d_image": [
        [
            450.963901684576,
            405.49538574985655,
            0.0
        ],
        [
            475.4246765220214,
            402.5357396854269,
            8.828734423176014
        ],
        [
            479.8057582046052,
            499.89020704182076,
            22.07004024399913
        ],
        [
            491.0152012803782,
            595.5121372485138,
            22.321146341907095
        ],
        [
            426.1237848135818,
            408.5008870930744,
            -8.829042276994453
        ],
        [
            421.44374545114516,
            507.42775817495,
            2.516910201630012
        ],
        [
            418.9766456165517,
            605.624008805957,
            -3.4283627400928394
        ],
        [
            452.874181228914,
            351.548957403174,
            -12.333137056423656
        ],
        [
            453.7156294769598,
            297.722777602044,
            -25.37310647998669
        ],
        [
            451.69016384631993,
            273.53839064278395,
            -20.50511666692661
        ],
        [
            456.4675865069381,
            251.4751728457054,
            -35.28815441049973
        ],
        [
            418.6781382254764,
            301.290646111422,
            -44.31740428741999
        ],
        [
            357.850304720962,
            315.4473866027238,
            -66.06594252702776
        ],
        [
            301.93281922613255,
            318.04802375603316,
            -70.10467677114862
        ],
        [
            490.54783875648053,
            302.83912235683454,
            -11.455753673868243
        ],
        [
            545.6377104244809,
            317.5794449503044,
            15.074472691696789
        ],
        [
            583.9619021390804,
            322.604595836542,
            47.65566847664924
        ]
    ],
    "joint_3d_camera": [
        [
            -293.7000427246094,
            -525.0272827148438,
            5461.41845703125
        ],
        [
            -178.39385986328125,
            -543.3064575195312,
            5503.427734375
        ],
        [
            -159.13841247558594,
            -75.73199462890625,
            5566.43310546875
        ],
        [
            -104.66836547851562,
            389.71435546875,
            5567.6279296875
        ],
        [
            -409.0066833496094,
            -506.74810791015625,
            5419.40771484375
        ],
        [
            -435.4519348144531,
            -38.3963623046875,
            5473.39453125
        ],
        [
            -444.9332275390625,
            429.2769775390625,
            5445.10546875
        ],
        [
            -281.53082275390625,
            -774.2056884765625,
            5402.734375
        ],
        [
            -274.3729553222656,
            -1016.6463623046875,
            5340.68701171875
        ],
        [
            -285.0509948730469,
            -1134.47021484375,
            5363.85009765625
        ],
        [
            -259.22705078125,
            -1221.703125,
            5293.5087890625
        ],
        [
            -430.4040222167969,
            -983.1087646484375,
            5250.54541015625
        ],
        [
            -695.3455200195312,
            -900.0264282226562,
            5147.060546875
        ],
        [
            -943.1630859375,
            -885.0067749023438,
            5127.84326171875
        ],
        [
            -103.85382080078125,
            -1005.0662231445312,
            5406.9091796875
        ],
        [
            159.92860412597656,
            -957.2242431640625,
            5533.146484375
        ],
        [
            354.78973388671875,
            -959.0532836914062,
            5688.17578125
        ]
    ],
    "center": [
        450.963901684576,
        405.49538574985655
    ],
    "scale": [
        2.0966154005537834,
        2.0942930938593434
    ],
    "box": [
        241.30236162919766,
        196.0660763639222,
        660.6254417399543,
        614.9246951357909
    ],
    "subject": 9,
    "action": 2,
    "subaction": 1,
    "root_depth": 5461.41845703125,
    "2.5d_factor": 4.656527137794738,
    "joint_2.5d_image": [
        [
            2099.9256463600263,
            1888.2002679947527,
            0.0
        ],
        [
            2213.8279082020777,
            1874.4185957774687,
            41.11124143390168
        ],
        [
            2234.2285339499244,
            2327.7523150080688,
            102.76974132840395
        ],
        [
            2286.425609831827,
            2773.018427983849,
            103.93902368777813
        ],
        [
            1984.2569680442489,
            1902.1954665621251,
            -41.112674963561716
        ],
        [
            1962.464237747115,
            2362.851126412,
            11.720060657282577
        ],
        [
            1950.9761204156819,
            2820.104632304978,
            -15.964264137446634
        ],
        [
            2108.8209148990104,
            1636.997260411326,
            -57.42958739737867
        ],
        [
            2112.7391415010857,
            1386.3541934435452,
            -118.15055889421353
        ],
        [
            2103.3075058253403,
            1273.7389392568216,
            -95.48263222319095
        ],
        [
            2125.5537040932245,
            1171.0009668376497,
            -164.32024865518306
        ],
        [
            1949.5861126483073,
            1402.9680699815472,
            -206.36519574099205
        ],
        [
            1666.339655201276,
            1468.8893162620116,
            -307.63785426109223
        ],
        [
            1405.958366517359,
            1480.999253741954,
            -326.44432987118194
        ],
        [
            2284.2493235561087,
            1410.178591640541,
            -53.34402786625924
        ],
        [
            2540.776805995782,
            1478.8173038168825,
            70.19469117683178
        ],
        [
            2719.234444748863,
            1502.2170552901612,
            221.9099135312664
        ]
    ]
}